,Country,Year,Status,Measles,BMI,Life_Expectancy,Adult_Mortality,Infant_Deaths,Alcohol,Percentage_Expenditure,HepatitisB,Under_Five_Deaths,Polio,Total_Expenditure,Diphtheria,HIV/AIDS,GDP,Population,thinness_10to19_years,thinness_5to9_years,Income_Composition_Of_Resources,Schooling,Happiness Rank,Happiness Score,Standard Error,Economy (GDP per Capita),Family,Health (Life Expectancy),Freedom,Trust (Government Corruption),Generosity,Dystopia Residual,Area,Gini,Real Growth Rating(%),Literacy Rate(%),Inflation(%),Unemployement(%),Polio_HepatitisB_Avg,Population/Area,Subregion_Australia and New Zealand,Subregion_Caribbean,Subregion_Central America,Subregion_Central Asia,Subregion_Eastern Africa,Subregion_Eastern Asia,Subregion_Eastern Europe,Subregion_Middle Africa,Subregion_Northern Africa,Subregion_Northern America,Subregion_Northern Europe,Subregion_South America,Subregion_South-Eastern Asia,Subregion_Southern Africa,Subregion_Southern Asia,Subregion_Southern Europe,Subregion_Western Africa,Subregion_Western Asia,Subregion_Western Europe,Region_Africa,Region_Americas,Region_Asia,Region_Europe,Region_Oceania
0,Afghanistan,2015,Developing,1154,19.1,65.0,263.0,55,0.01,71.27962362,65.0,70,52.0,8.16,65.0,0.1,584.2592099999999,18294611.0,9.7,9.7,0.479,10.1,153,3.575,0.03084,0.31982,0.41411000000000003,0.30335,0.23414000000000001,0.09719,0.3651,1.9521,652230.0,30.9,3.1,66.8,6.8,23.0,58.5,28.049324624748937,0,0,0,0,0,0,0,0,0,0,0,0,0,0,1,0,0,0,0,0,0,1,0,0
1,Albania,2015,Developing,0,58.0,77.8,74.0,0,4.6,364.9752287,99.0,0,99.0,6.0,99.0,0.1,3954.22783,28873.0,1.2,1.3,0.762,14.2,95,4.959,0.05013,0.8786700000000001,0.8043399999999999,0.81325,0.35733000000000004,0.06412999999999999,0.14272,1.89894,28748.0,34.5,0.7,98.7,1.7,16.9,99.0,1.0043481285654654,0,0,0,0,0,0,0,0,0,0,0,0,0,0,0,1,0,0,0,0,0,0,1,0
2,Algeria,2015,Developing,63,59.5,75.6,19.0,21,4.602165755919854,0.0,95.0,24,95.0,5.922511917858452,95.0,0.1,4132.76292,18294611.0,6.0,5.8,0.743,14.4,68,5.605,0.05099,0.93929,1.07772,0.61766,0.28579,0.17382999999999998,0.07822,2.43209,1240192.0,35.3,3.1,79.0,3.9,10.3,95.0,14.751434455310145,0,0,0,0,0,0,0,0,1,0,0,0,0,0,0,0,0,0,0,1,0,0,0,0
3,Angola,2015,Developing,118,23.3,54.8,335.0,55,4.602165755919854,0.0,64.0,70,52.0,5.922511917858452,64.0,1.7,3695.7937479999996,2785935.0,8.3,8.2,0.531,11.4,137,4.033,0.047580000000000004,0.75778,0.8604,0.16683,0.10384000000000002,0.07122,0.12344000000000001,1.9493900000000002,1240192.0,45.7,5.6,70.4,7.1,14.770671140939596,58.0,2.246373948549902,0,0,0,0,0,0,0,1,0,0,0,0,0,0,0,0,0,0,0,1,0,0,0,0
4,Argentina,2015,Developing,0,62.8,76.3,116.0,8,4.602165755919854,0.0,94.0,9,93.0,5.922511917858452,94.0,0.1,13235.977570000001,18294611.0,1.0,0.9,0.826,17.3,30,6.574,0.04612,1.05351,1.24823,0.78723,0.44974,0.08484,0.11450999999999999,2.8360000000000003,1240192.0,44.5,3.5,97.9,7.1,7.5,93.5,14.751434455310145,0,0,0,0,0,0,0,0,0,0,0,1,0,0,0,0,0,0,0,0,1,0,0,0
5,Armenia,2015,Developing,33,54.9,74.8,118.0,1,4.602165755919854,0.0,94.0,1,96.0,5.922511917858452,94.0,0.1,369.65477599999997,291695.0,2.1,2.2,0.741,12.7,127,4.35,0.04763,0.7682100000000001,0.7771100000000001,0.7299,0.19847,0.039,0.07855,1.75873,29743.0,30.9,3.60969696969697,99.4,4.383435582822086,14.770671140939596,95.0,9.807181521702585,0,0,0,0,0,0,0,0,0,0,0,0,0,0,0,0,0,1,0,0,0,1,0,0
6,Australia,2015,Developed,74,66.6,82.8,59.0,1,4.602165755919854,0.0,93.0,1,93.0,5.922511917858452,93.0,0.1,13235.977570000001,18294611.0,0.6,0.6,0.937,19.0,10,7.284,0.04083,1.33358,1.30923,0.93156,0.6512399999999999,0.32957,0.42191999999999996,2.26646,1240192.0,30.9,2.5,99.0,2.4,5.7,93.0,14.751434455310145,1,0,0,0,0,0,0,0,0,0,0,0,0,0,0,0,0,0,0,0,0,0,0,1
7,Austria,2015,Developed,309,57.6,81.5,65.0,0,4.602165755919854,0.0,93.0,0,93.0,5.922511917858452,93.0,0.1,13235.977570000001,8633169.0,1.9,2.1,0.892,15.9,13,7.2,0.03751,1.33723,1.29704,0.8904200000000001,0.62433,0.18675999999999998,0.33088,2.5332,83871.0,30.9,0.6,98.0,2.1,4.9,93.0,102.93389848696212,0,0,0,0,0,0,0,0,0,0,0,0,0,0,0,0,0,0,1,0,0,0,1,0
8,Azerbaijan,2015,Developing,0,52.5,72.7,118.0,5,4.602165755919854,0.0,96.0,6,98.0,5.922511917858452,96.0,0.1,55.31381999999999,9649341.0,2.8,2.9,0.758,12.7,80,5.212000000000001,0.03363,1.02389,0.9379299999999999,0.64045,0.3703,0.16065,0.07799,2.00073,86600.0,33.7,5.8,99.8,2.4,6.0,97.0,111.4242609699769,0,0,0,0,0,0,0,0,0,0,0,0,0,0,0,0,0,1,0,0,0,1,0,0
9,Bahrain,2015,Developing,0,63.6,76.9,69.0,0,4.602165755919854,0.0,98.0,0,98.0,5.922511917858452,98.0,0.1,13235.977570000001,12753375.120052494,6.2,6.1,0.823,14.5,49,5.96,0.05412,1.32376,1.21624,0.74716,0.45492,0.306,0.17362,1.73797,765.0,40.17712418300654,3.60969696969697,84.40831395348837,4.383435582822086,14.770671140939596,98.0,16671.078588303913,0,0,0,0,0,0,0,0,0,0,0,0,0,0,0,0,0,1,0,0,0,1,0,0
10,Bangladesh,2015,Developing,240,18.3,71.8,129.0,55,4.602165755919854,0.0,97.0,70,97.0,5.922511917858452,97.0,0.1,121.15812,1612886.0,9.7,9.7,0.575,10.2,109,4.694,0.03077,0.39753,0.43106000000000005,0.60164,0.4082,0.12569,0.21222,2.51767,147570.0,32.1,5.8,66.8,7.1,5.0,97.0,10.929633394321339,0,0,0,0,0,0,0,0,0,0,0,0,0,0,1,0,0,0,0,0,0,1,0,0
11,Belarus,2015,Developing,2,62.3,72.3,196.0,0,4.602165755919854,0.0,99.0,0,99.0,5.922511917858452,99.0,0.1,5949.1167700000005,9489616.0,1.9,2.0,0.7979999999999999,15.6,59,5.813,0.03938,1.0319200000000002,1.23289,0.7360800000000001,0.37938,0.1909,0.11045999999999999,2.1309,207600.0,30.9,2.1,99.6,7.1,1.0,99.0,45.71105973025048,0,0,0,0,0,0,1,0,0,0,0,0,0,0,0,0,0,0,0,0,0,0,1,0
12,Belgium,2015,Developed,47,63.7,81.1,74.0,0,4.602165755919854,0.0,98.0,1,99.0,5.922511917858452,99.0,0.1,4356.875,11274196.0,1.0,1.0,0.895,16.6,19,6.937,0.03595,1.30782,1.28566,0.8966700000000001,0.5845,0.2254,0.2225,2.4148400000000003,30528.0,33.0,0.6,99.0,1.3,8.8,98.5,369.30673480083857,0,0,0,0,0,0,0,0,0,0,0,0,0,0,0,0,0,0,1,0,0,0,1,0
13,Benin,2015,Developing,55,25.7,60.0,249.0,25,4.602165755919854,0.0,82.0,39,78.0,5.922511917858452,82.0,1.0,783.94791,1575952.0,6.9,6.8,0.48100000000000004,10.7,155,3.34,0.03656,0.28665,0.41411000000000003,0.3191,0.4845,0.0801,0.1826,1.6332799999999998,112622.0,38.6,5.0,66.8,2.4,14.770671140939596,80.0,13.993287279572375,0,0,0,0,0,0,0,0,0,0,0,0,0,0,0,0,1,0,0,1,0,0,0,0
14,Bhutan,2015,Developing,11,24.5,69.8,211.0,0,4.602165755919854,0.0,99.0,0,98.0,5.922511917858452,99.0,0.5,2613.645177,787386.0,9.7,9.7,0.604,12.5,79,5.252999999999999,0.03225,0.77042,1.10395,0.57407,0.5320600000000001,0.15445,0.42191999999999996,1.63794,38394.0,38.1,5.8,66.8,7.1,2.1,98.5,20.508048132520706,0,0,0,0,0,0,0,0,0,0,0,0,0,0,1,0,0,0,0,0,0,1,0,0
15,Bolivia (Plurinational State of),2015,Developing,0,52.6,77.0,186.0,8,4.602165755919854,0.0,99.0,10,99.0,5.922511917858452,99.0,0.1,7413.64500365024,12753375.120052494,1.2,1.1,0.6709999999999999,13.8,51,5.89,0.056420000000000005,0.68133,0.97841,0.5392,0.57414,0.08800000000000001,0.20536,2.82334,1098581.0,45.7,3.60969696969697,84.40831395348837,4.383435582822086,14.770671140939596,99.0,11.608952931147083,0,0,0,0,0,0,0,0,0,0,0,1,0,0,0,0,0,0,0,0,1,0,0,0
16,Bosnia and Herzegovina,2015,Developing,1677,55.8,77.4,88.0,0,4.602165755919854,0.0,82.0,0,74.0,5.922511917858452,82.0,0.1,4574.9787,3535961.0,2.3,2.3,0.747,14.2,96,4.949,0.06913,0.8322299999999999,0.9191600000000001,0.79081,0.09245,0.00227,0.24808000000000002,2.06367,51209.0,36.2,3.60969696969697,84.40831395348837,4.383435582822086,14.770671140939596,78.0,69.04960065613466,0,0,0,0,0,0,0,0,0,0,0,0,0,0,0,1,0,0,0,0,0,0,1,0
17,Botswana,2015,Developing,0,37.9,65.7,256.0,2,4.602165755919854,0.0,95.0,2,96.0,5.922511917858452,95.0,1.7,6532.651,229197.0,6.4,6.1,0.698,12.6,128,4.332,0.049339999999999995,0.99355,1.10464,0.047760000000000004,0.49495,0.12474,0.10461,1.46181,582000.0,45.7,3.9,85.1,6.1,17.8,95.5,0.3938092783505155,0,0,0,0,0,0,0,0,0,0,0,0,0,1,0,0,0,0,0,1,0,0,0,0
18,Brazil,2015,Developing,214,56.1,75.0,142.0,42,4.602165755919854,0.0,96.0,47,98.0,5.922511917858452,96.0,0.1,8757.2622,2596218.0,2.7,2.6,0.754,15.2,16,6.983,0.040760000000000005,0.98124,1.2328700000000001,0.69702,0.49049,0.17521,0.14574,3.05137,1240192.0,45.7,2.7,88.6,6.5,6.0,97.0,2.0934000541851585,0,0,0,0,0,0,0,0,0,0,0,1,0,0,0,0,0,0,0,0,1,0,0,0
19,Bulgaria,2015,Developed,0,65.7,74.5,137.0,0,4.602165755919854,0.0,92.0,1,91.0,5.922511917858452,91.0,0.1,6993.477359999999,7177991.0,1.9,1.8,0.792,15.0,134,4.218,0.04828,1.01216,1.10614,0.76649,0.30587,0.00872,0.11921,1.21305,110879.0,30.9,0.6,98.4,1.5,11.6,91.5,64.73715491662082,0,0,0,0,0,0,1,0,0,0,0,0,0,0,0,0,0,0,0,0,0,0,1,0
20,Burkina Faso,2015,Developing,99,19.4,59.9,26.0,38,4.602165755919854,0.0,91.0,61,91.0,5.922511917858452,91.0,0.6,615.592225,1811624.0,8.0,7.5,0.39899999999999997,7.7,152,3.5869999999999997,0.04324,0.25811999999999996,0.85188,0.27125,0.39493,0.12832000000000002,0.21746999999999997,1.46494,272967.0,39.8,6.0,66.8,2.1,23.0,91.0,6.636787597035539,0,0,0,0,0,0,0,0,0,0,0,0,0,0,0,0,1,0,0,1,0,0,0,0
21,Burundi,2015,Developing,9,18.7,59.6,288.0,21,4.602165755919854,0.0,94.0,31,94.0,5.922511917858452,94.0,0.7,33.681222999999996,119927.0,7.3,7.2,0.406,10.6,157,2.905,0.08657999999999999,0.0153,0.41586999999999996,0.22396,0.1185,0.10062,0.19727,1.83302,27834.0,33.3,4.5,67.2,7.1,14.770671140939596,94.0,4.308651289789466,0,0,0,0,1,0,0,0,0,0,0,0,0,0,0,0,0,0,0,1,0,0,0,0
22,Cambodia,2015,Developing,0,19.6,68.7,174.0,10,4.602165755919854,0.0,89.0,12,87.0,5.922511917858452,89.0,0.2,1163.18977,15517635.0,1.9,1.9,0.5579999999999999,10.9,145,3.819,0.05069,0.46038,0.62736,0.61114,0.66246,0.07247,0.40359,1.21305,181035.0,37.9,6.0,73.6,3.2,0.0,88.0,85.7162150965283,0,0,0,0,0,0,0,0,0,0,0,0,1,0,0,0,0,0,0,0,0,1,0,0
23,Cameroon,2015,Developing,1809,29.0,57.3,336.0,45,4.602165755919854,0.0,84.0,68,83.0,5.922511917858452,84.0,1.7,1244.429421,18294611.0,5.6,5.5,0.514,10.4,133,4.252,0.04678,0.4225,0.8876700000000001,0.23401999999999998,0.49309,0.05786,0.20618000000000003,1.95071,475442.0,38.9,4.6,75.9,2.6,23.0,83.5,38.47916465099844,0,0,0,0,0,0,0,1,0,0,0,0,0,0,0,0,0,0,0,1,0,0,0,0
24,Canada,2015,Developing,195,67.0,82.2,64.0,2,4.602165755919854,0.0,55.0,2,91.0,5.922511917858452,91.0,0.1,13235.977570000001,3584861.0,0.6,0.5,0.919,16.3,5,7.4270000000000005,0.03553,1.32629,1.32261,0.9056299999999999,0.63297,0.32957,0.42191999999999996,2.4517599999999997,1240192.0,32.6,3.60969696969697,84.40831395348837,4.383435582822086,14.770671140939596,73.0,2.890569363453401,0,0,0,0,0,0,0,0,0,1,0,0,0,0,0,0,0,0,0,0,1,0,0,0
25,Central African Republic,2015,Developing,150,22.7,54.8,336.0,15,4.602165755919854,0.0,47.0,21,52.0,5.922511917858452,51.0,1.7,348.381417,45461.0,8.2,8.2,0.34700000000000003,7.1,148,3.678,0.06112000000000001,0.0785,0.41411000000000003,0.06699,0.48878999999999995,0.08288999999999999,0.23835,2.7223,622984.0,45.7,0.6,66.8,7.0,8.0,49.5,0.07297298164960898,0,0,0,0,0,0,0,1,0,0,0,0,0,0,0,0,0,0,0,1,0,0,0,0
26,Chad,2015,Developing,418,19.1,54.8,336.0,46,4.602165755919854,0.0,46.0,70,52.0,5.922511917858452,51.0,1.7,777.248751,149413.0,8.5,8.4,0.39399999999999996,7.3,149,3.667,0.0383,0.34193,0.76062,0.1501,0.23501,0.05269,0.18386,1.9429599999999998,1240192.0,39.8,3.9,66.8,4.5,14.770671140939596,49.0,0.1204757005366911,0,0,0,0,0,0,0,1,0,0,0,0,0,0,0,0,0,0,0,1,0,0,0,0
27,Chile,2015,Developing,9,63.8,85.0,82.0,2,4.602165755919854,0.0,97.0,2,96.0,5.922511917858452,96.0,0.1,13235.977570000001,17762681.0,0.8,0.8,0.845,16.3,27,6.67,0.057999999999999996,1.10715,1.12447,0.85857,0.44132,0.12869,0.33363000000000004,2.67585,756102.0,45.7,3.60969696969697,97.5,4.383435582822086,14.770671140939596,96.5,23.492440173415755,0,0,0,0,0,0,0,0,0,0,0,1,0,0,0,0,0,0,0,0,1,0,0,0
28,China,2015,Developing,42361,32.9,76.1,85.0,55,4.602165755919854,0.0,99.0,70,99.0,5.922511917858452,99.0,0.1,869.211938,137122.0,3.6,2.9,0.7340000000000001,13.5,84,5.14,0.02424,0.89012,0.94675,0.81658,0.5169699999999999,0.02781,0.08185,1.8604,1240192.0,45.7,3.60969696969697,84.40831395348837,4.383435582822086,14.770671140939596,99.0,0.11056513830116627,0,0,0,0,0,1,0,0,0,0,0,0,0,0,0,0,0,0,0,0,0,1,0,0
29,Colombia,2015,Developing,1,57.9,74.8,143.0,10,4.602165755919854,0.0,91.0,12,91.0,5.922511917858452,91.0,0.1,644.5255559999999,18294611.0,2.1,1.9,0.7240000000000001,13.6,33,6.477,0.05051,0.91861,1.2401799999999998,0.69077,0.53466,0.0512,0.18400999999999998,2.85737,1141748.0,45.7,3.60969696969697,94.2,4.383435582822086,14.770671140939596,91.0,16.02333527188136,0,0,0,0,0,0,0,0,0,0,0,1,0,0,0,0,0,0,0,0,1,0,0,0
30,Comoros,2015,Developing,0,24.2,63.5,227.0,1,4.602165755919854,0.0,91.0,2,92.0,5.922511917858452,91.0,0.8,727.6463868,777424.0,6.7,6.5,0.498,11.1,140,3.9560000000000004,0.04797,0.23906,0.79273,0.36315,0.22916999999999998,0.19899999999999998,0.17440999999999998,1.95812,1862.0,45.7,3.5,75.5,4.383435582822086,14.770671140939596,91.5,417.52094522019337,0,0,0,0,1,0,0,0,0,0,0,0,0,0,0,0,0,0,0,1,0,0,0,0
31,Congo,2015,Developing,1359,27.4,64.7,267.0,7,4.602165755919854,0.0,28.0,10,52.0,5.922511917858452,51.0,1.7,7413.64500365024,12753375.120052494,7.5,7.1,0.59,11.1,120,4.5169999999999995,0.0368,0.0,1.0012,0.09806000000000001,0.22605,0.07625,0.24834,2.86712,342000.0,45.7,6.0,66.8,7.1,14.770671140939596,40.0,37.29057052646928,0,0,0,0,0,0,0,1,0,0,0,0,0,0,0,0,0,0,0,1,0,0,0,0
32,Costa Rica,2015,Developing,0,6.5,79.6,95.0,1,4.602165755919854,0.0,92.0,1,92.0,5.922511917858452,92.0,0.1,1146.36273,487852.0,1.7,1.7,0.775,14.2,12,7.226,0.044539999999999996,0.95578,1.2378799999999999,0.8602700000000001,0.63376,0.10583,0.25497,3.05137,51100.0,45.7,3.5,96.3,5.6,7.9,92.0,9.547005870841486,0,0,1,0,0,0,0,0,0,0,0,0,0,0,0,0,0,0,0,0,1,0,0,0
33,Croatia,2015,Developed,206,63.7,78.0,95.0,0,4.602165755919854,0.0,94.0,0,94.0,5.922511917858452,94.0,0.1,11579.6674,42364.0,1.5,1.4,0.823,15.3,62,5.7589999999999995,0.04394,1.08254,0.79624,0.78805,0.25883,0.0243,0.054439999999999995,2.75414,56594.0,33.7,1.0,98.9,2.2,21.6,94.0,0.7485599180125102,0,0,0,0,0,0,0,0,0,0,0,0,0,0,0,1,0,0,0,0,0,0,1,0
34,Cyprus,2015,Developed,0,6.3,85.0,52.0,0,4.602165755919854,0.0,97.0,0,97.0,5.922511917858452,97.0,0.1,2375.1127,116985.0,1.0,1.0,0.8540000000000001,14.3,67,5.689,0.0558,1.20813,0.89318,0.92356,0.40671999999999997,0.06146,0.30638000000000004,1.8893099999999998,9251.0,40.17712418300654,6.0,98.7,0.2,17.4,97.0,12.645659928656361,0,0,0,0,0,0,0,0,0,0,0,0,0,0,0,1,0,0,0,0,0,0,1,0
35,Czech Republic,2015,Developed,9,66.1,78.8,86.0,0,4.602165755919854,0.0,97.0,0,97.0,5.922511917858452,97.0,0.1,7413.64500365024,12753375.120052494,1.8,1.8,0.6275510645976182,11.992792792792793,31,6.505,0.04168,1.17898,1.20643,0.84483,0.46363999999999994,0.02652,0.10686,2.67782,78865.0,30.9,0.9,99.0,1.4,7.1,97.0,161.71147048820762,0,0,0,0,0,0,1,0,0,0,0,0,0,0,0,0,0,0,0,0,0,0,1,0
36,Denmark,2015,Developed,9,58.8,86.0,71.0,0,4.602165755919854,0.0,75.81639226914818,0,93.0,5.922511917858452,93.0,0.1,5314.64416,5683483.0,1.1,0.9,0.9229999999999999,19.0,3,7.527,0.033280000000000004,1.32548,1.36058,0.87464,0.6493800000000001,0.32957,0.34139,2.4920400000000003,43094.0,30.9,0.6,99.0,0.8,6.0,84.4081961345741,131.88571494871675,0,0,0,0,0,0,0,0,0,0,1,0,0,0,0,0,0,0,0,0,0,0,1,0
37,Djibouti,2015,Developing,47,35.0,63.5,241.0,1,4.602165755919854,0.0,84.0,1,84.0,5.922511917858452,84.0,1.7,1862.167274,927414.0,5.6,5.4,0.47,6.3,126,4.369,0.08096,0.44025,0.59207,0.36291,0.46074,0.28105,0.18093,2.05125,23200.0,40.0,5.0,67.9,2.5,23.0,84.0,39.974741379310345,0,0,0,0,1,0,0,0,0,0,0,0,0,0,0,0,0,0,0,1,0,0,0,0
38,Dominican Republic,2015,Developing,0,58.9,73.9,152.0,6,4.602165755919854,0.0,81.0,7,87.0,5.922511917858452,85.0,0.3,6468.471648,1528394.0,3.3,3.2,0.718,13.2,98,4.885,0.07446,0.8953700000000001,1.17202,0.66825,0.57672,0.14234000000000002,0.21684,1.21305,48671.0,45.7,2.0,90.1,5.0,15.0,84.0,31.4025600460233,0,1,0,0,0,0,0,0,0,0,0,0,0,0,0,0,0,0,0,0,1,0,0,0
39,Ecuador,2015,Developing,0,54.2,76.2,118.0,6,4.602165755919854,0.0,78.0,7,84.0,5.922511917858452,78.0,0.1,625.62224,16144368.0,1.2,1.1,0.7390000000000001,14.0,48,5.975,0.04528,0.8640200000000001,0.99903,0.79075,0.48573999999999995,0.1809,0.11540999999999998,2.5394200000000002,276841.0,45.7,6.0,91.6,2.6,4.2,81.0,58.31639099699828,0,0,0,0,0,0,0,0,0,0,0,1,0,0,0,0,0,0,0,0,1,0,0,0
40,Egypt,2015,Developing,5432,61.1,79.0,159.0,51,4.602165755919854,0.0,93.0,60,93.0,5.922511917858452,93.0,0.1,7413.64500365024,12753375.120052494,2.8,2.8,0.688,13.1,135,4.194,0.0326,0.8818,0.747,0.61712,0.17288,0.06324,0.11291,1.59927,1002450.0,30.9,1.8,73.9,7.1,13.4,93.0,12.722205716048176,0,0,0,0,0,0,0,0,1,0,0,0,0,0,0,0,0,0,0,1,0,0,0,0
41,El Salvador,2015,Developing,0,56.1,73.5,178.0,2,4.602165755919854,0.0,91.0,2,92.0,5.922511917858452,91.0,0.2,4127.11775,6312478.0,1.6,1.5,0.6779999999999999,13.2,42,6.13,0.056179999999999994,0.76454,1.0250700000000001,0.67737,0.4035,0.11775999999999999,0.10692,3.035,21041.0,45.7,1.6,84.5,0.9,6.3,91.5,300.00845967396987,0,0,1,0,0,0,0,0,0,0,0,0,0,0,0,0,0,0,0,0,1,0,0,0
42,Estonia,2015,Developing,4,59.9,77.6,119.0,0,4.602165755919854,0.0,91.0,0,93.0,5.922511917858452,93.0,0.1,1774.9291,131547.0,1.9,1.9,0.863,16.5,73,5.428999999999999,0.04013,1.15174,1.22791,0.77361,0.44888,0.15184,0.0868,1.58782,45227.0,36.0,1.5,84.40831395348837,3.4,10.9,92.0,2.908594423684967,0,0,0,0,0,0,0,0,0,0,1,0,0,0,0,0,0,0,0,0,0,0,1,0
43,Ethiopia,2015,Developing,17745,17.6,64.8,225.0,55,4.602165755919854,0.0,77.0,70,75.0,5.922511917858452,77.0,0.6,645.4637627000001,9987333.0,1.4,1.2,0.441,8.4,122,4.512,0.0378,0.19072999999999998,0.60406,0.44055,0.4345,0.15048,0.24325,2.44876,1104300.0,30.9,6.0,66.8,7.1,17.5,76.0,9.044039663135017,0,0,0,0,1,0,0,0,0,0,0,0,0,0,0,0,0,0,0,1,0,0,0,0
44,Finland,2015,Developing,2,62.1,81.1,76.0,0,4.602165755919854,0.0,75.81639226914818,0,97.0,5.922511917858452,97.0,0.1,4245.39744,5479531.0,0.9,0.8,0.893,17.0,6,7.406000000000001,0.0314,1.29025,1.31826,0.8891100000000001,0.64169,0.32957,0.23351,2.61955,338424.0,30.9,0.6,100.0,1.3,8.6,86.4081961345741,16.19131917358107,0,0,0,0,0,0,0,0,0,0,1,0,0,0,0,0,0,0,0,0,0,0,1,0
45,France,2015,Developing,157,62.5,82.4,78.0,2,4.602165755919854,0.0,86.0,3,98.0,5.922511917858452,98.0,0.1,13235.977570000001,6662468.0,0.7,0.6,0.894,16.3,29,6.575,0.03512,1.27778,1.2603799999999998,0.9457899999999999,0.55011,0.20646,0.12332,2.21126,640679.0,32.7,0.6,99.0,0.7,9.7,92.0,10.399073482976654,0,0,0,0,0,0,0,0,0,0,0,0,0,0,0,0,0,0,1,0,0,0,1,0
46,Gabon,2015,Developing,27,36.3,66.0,229.0,2,4.602165755919854,0.0,28.0,3,79.0,5.922511917858452,51.0,1.7,7388.984144,193175.0,6.1,5.9,0.6940000000000001,12.6,143,3.8960000000000004,0.04547,1.06024,0.90528,0.43372,0.31914000000000003,0.11091,0.06822,1.21305,267668.0,41.5,5.1,82.3,7.0,21.0,53.5,0.721696280466847,0,0,0,0,0,0,0,1,0,0,0,0,0,0,0,0,0,0,0,1,0,0,0,0
47,Georgia,2015,Developing,431,56.2,74.4,129.0,1,4.602165755919854,0.0,94.0,1,91.0,5.922511917858452,94.0,0.1,3764.6491200000005,37171.0,2.7,2.8,0.768,13.9,130,4.297,0.042210000000000004,0.7419,0.41411000000000003,0.72926,0.40576999999999996,0.32957,0.055470000000000005,1.59541,69700.0,41.3,5.0,99.7,3.3,14.9,92.5,0.5332998565279771,0,0,0,0,0,0,0,0,0,0,0,0,0,0,0,0,0,1,0,0,0,1,0,0
48,Germany,2015,Developed,2464,62.3,81.0,68.0,2,4.602165755919854,0.0,88.0,3,94.0,5.922511917858452,95.0,0.1,13235.977570000001,18294611.0,1.1,1.1,0.924,17.1,26,6.75,0.01848,1.32792,1.2993700000000001,0.89186,0.6147699999999999,0.21843,0.28214,2.1156900000000003,357114.0,30.9,0.6,99.0,1.6,6.0,91.0,51.22905010724867,0,0,0,0,0,0,0,0,0,0,0,0,0,0,0,0,0,0,1,0,0,0,1,0
49,Ghana,2015,Developing,23,28.6,62.4,249.0,37,4.602165755919854,0.0,88.0,52,88.0,5.922511917858452,88.0,0.7,1361.11395,18294611.0,6.2,6.1,0.575,11.4,114,4.633,0.04742,0.5455800000000001,0.6795399999999999,0.40131999999999995,0.42341999999999996,0.04355,0.23087,2.30919,238533.0,42.8,6.0,71.5,7.1,11.0,88.0,76.6963522866857,0,0,0,0,0,0,0,0,0,0,0,0,0,0,0,0,1,0,0,1,0,0,0,0
50,Greece,2015,Developing,1,66.5,81.0,72.0,0,4.602165755919854,0.0,96.0,0,99.0,5.922511917858452,99.0,0.1,187.78991000000002,182883.0,0.8,0.7,0.865,17.2,102,4.857,0.05062,1.15406,0.9293299999999999,0.88213,0.07699,0.013969999999999998,0.0,1.8010099999999998,131990.0,34.3,3.8,97.3,0.0,23.0,97.5,1.3855822410788696,0,0,0,0,0,0,0,0,0,0,0,0,0,0,0,1,0,0,0,0,0,0,1,0
51,Guatemala,2015,Developing,0,5.6,71.9,186.0,10,4.602165755919854,0.0,74.0,12,52.0,5.922511917858452,74.0,0.4,3923.573344,16252429.0,1.2,1.2,0.637,10.7,43,6.122999999999999,0.052239999999999995,0.74553,1.04356,0.64425,0.57733,0.09472,0.27489,2.74255,108889.0,45.7,3.0,71.0,3.8,4.1,63.0,149.2568487175013,0,0,1,0,0,0,0,0,0,0,0,0,0,0,0,0,0,0,0,0,1,0,0,0
52,Guinea,2015,Developing,243,23.3,59.0,284.0,26,4.602165755919854,0.0,54.0,40,52.0,5.922511917858452,54.0,0.5,554.48766,1291533.0,7.3,7.3,0.414,8.8,150,3.656,0.0359,0.17417,0.46475,0.24009,0.37725,0.12139000000000001,0.28657,1.9917200000000002,245857.0,39.4,3.9,66.8,7.1,14.770671140939596,53.0,5.253187828697169,0,0,0,0,0,0,0,0,0,0,0,0,0,0,0,0,1,0,0,1,0,0,0,0
53,Haiti,2015,Developing,0,49.9,63.5,24.0,14,4.602165755919854,0.0,28.0,18,56.0,5.922511917858452,51.0,0.5,814.5463952,171161.0,3.9,3.9,0.49,9.1,119,4.518,0.07331,0.26673,0.74302,0.38847,0.24425,0.17175,0.42191999999999996,2.24173,27750.0,45.7,3.4,66.8,6.3,23.0,42.0,6.167963963963964,0,1,0,0,0,0,0,0,0,0,0,0,0,0,0,0,0,0,0,0,1,0,0,0
54,Honduras,2015,Developing,0,51.0,74.6,147.0,3,4.602165755919854,0.0,97.0,4,97.0,5.922511917858452,97.0,0.3,2326.1585600000003,896829.0,2.1,2.1,0.623,11.2,105,4.788,0.056479999999999995,0.59532,0.9534799999999999,0.6951,0.40148,0.06825,0.23026999999999997,1.84408,112492.0,45.7,2.8,85.1,5.2,4.5,97.0,7.9723802581516905,0,0,1,0,0,0,0,0,0,0,0,0,0,0,0,0,0,0,0,0,1,0,0,0
55,Hungary,2015,Developed,0,64.8,75.8,134.0,0,4.602165755919854,0.0,75.81639226914818,0,99.0,5.922511917858452,99.0,0.1,12365.6263,984328.0,1.6,1.6,0.8340000000000001,15.6,104,4.8,0.061070000000000006,1.12094,1.20215,0.75905,0.32111999999999996,0.02758,0.128,1.24074,93028.0,31.2,3.60969696969697,99.1,4.383435582822086,14.770671140939596,87.4081961345741,10.580986369695145,0,0,0,0,0,0,1,0,0,0,0,0,0,0,0,0,0,0,0,0,0,0,1,0
56,Iceland,2015,Developed,0,61.0,82.7,49.0,0,4.602165755919854,0.0,75.81639226914818,0,92.0,5.922511917858452,92.0,0.1,5734.4436,33815.0,1.0,0.9,0.919,19.0,2,7.561,0.048839999999999995,1.3023200000000001,1.4022299999999999,0.94784,0.6287699999999999,0.14145,0.42191999999999996,2.70201,103000.0,40.17712418300654,1.9,99.0,3.9,4.5,83.9081961345741,0.3283009708737864,0,0,0,0,0,0,0,0,0,0,1,0,0,0,0,0,0,0,0,0,0,0,1,0
57,India,2015,Developing,90387,18.7,68.3,181.0,55,4.602165755919854,0.0,87.0,70,86.0,5.922511917858452,87.0,0.2,1613.1887800000002,1395398.0,9.7,9.7,0.615,11.6,117,4.565,0.02043,0.64499,0.41411000000000003,0.5152899999999999,0.39786,0.08492000000000001,0.26475,2.27513,1240192.0,33.4,3.2,66.8,7.1,8.8,86.5,1.12514675147074,0,0,0,0,0,0,0,0,0,0,0,0,0,0,1,0,0,0,0,0,0,1,0,0
58,Indonesia,2015,Developing,15099,27.4,69.1,176.0,55,4.602165755919854,0.0,78.0,70,52.0,5.922511917858452,78.0,0.3,3336.1668600000003,18294611.0,1.4,1.2,0.6859999999999999,12.9,74,5.399,0.025960000000000004,0.8282700000000001,1.0870799999999998,0.63793,0.46611,0.0,0.42191999999999996,1.86399,1240192.0,34.0,5.35,92.8,7.1,6.6,65.0,14.751434455310145,0,0,0,0,0,0,0,0,0,0,0,0,1,0,0,0,0,0,0,0,0,1,0,0
59,Iran (Islamic Republic of),2015,Developing,615,59.7,75.5,83.0,18,4.602165755919854,0.0,98.0,21,98.0,5.922511917858452,98.0,0.1,7413.64500365024,12753375.120052494,8.5,8.6,0.774,14.8,110,4.686,0.044489999999999995,1.0088,0.54447,0.69805,0.30033000000000004,0.058629999999999995,0.38086,1.6944,1240192.0,38.3,3.60969696969697,84.40831395348837,4.383435582822086,14.770671140939596,98.0,10.283387669048416,0,0,0,0,0,0,0,0,0,0,0,0,0,0,1,0,0,0,0,0,0,1,0,0
60,Iraq,2015,Developing,1433,59.1,68.9,182.0,32,4.602165755919854,0.0,56.0,38,63.0,5.922511917858452,58.0,0.1,4974.2693,18294611.0,5.3,5.1,0.649,10.1,112,4.677,0.052320000000000005,0.98549,0.81889,0.60237,0.0,0.13788,0.17922000000000002,1.95335,438317.0,30.9,4.2,78.5,2.0,16.0,59.5,41.73831040091988,0,0,0,0,0,0,0,0,0,0,0,0,0,0,0,0,0,1,0,0,0,1,0,0
61,Ireland,2015,Developed,4,62.8,81.4,64.0,0,4.602165755919854,0.0,95.0,0,95.0,5.922511917858452,95.0,0.1,6664.144,4676835.0,0.3,0.2,0.92,18.6,18,6.94,0.03676,1.33596,1.36948,0.89533,0.6177699999999999,0.28703,0.42191999999999996,1.9757,70273.0,34.3,0.6,99.0,0.6,13.5,95.0,66.55237431161328,0,0,0,0,0,0,0,0,0,0,1,0,0,0,0,0,0,0,0,0,0,0,1,0
62,Israel,2015,Developing,80,64.9,82.5,58.0,0,4.602165755919854,0.0,96.0,1,95.0,5.922511917858452,95.0,0.1,13235.977570000001,8381.0,1.2,1.1,0.898,16.0,11,7.278,0.0347,1.2285700000000002,1.22393,0.9138700000000001,0.41318999999999995,0.07785,0.33171999999999996,3.05137,20770.0,39.2,3.3,97.0,3.9,1.7,95.5,0.4035146846413096,0,0,0,0,0,0,0,0,0,0,0,0,0,0,0,0,0,1,0,0,0,1,0,0
63,Italy,2015,Developed,159,63.6,82.7,56.0,1,4.602165755919854,0.0,93.0,2,93.0,5.922511917858452,93.0,0.1,349.14755,673582.0,0.6,0.6,0.8809999999999999,16.3,50,5.9479999999999995,0.03914,1.25114,1.19777,0.9544600000000001,0.26236,0.02901,0.22823000000000002,2.0251799999999998,301336.0,36.0,0.6,99.0,1.2,12.4,93.0,2.2353187139936814,0,0,0,0,0,0,0,0,0,0,0,0,0,0,0,1,0,0,0,0,0,0,1,0
64,Jamaica,2015,Developing,0,54.2,76.2,125.0,1,4.602165755919854,0.0,91.0,1,91.0,5.922511917858452,91.0,0.5,4965.9898570000005,2871934.0,1.8,1.7,0.7290000000000001,12.8,65,5.709,0.13693,0.81038,1.1510200000000002,0.6874100000000001,0.50442,0.02299,0.2123,2.32038,10991.0,45.5,3.60969696969697,87.0,4.383435582822086,14.770671140939596,91.0,261.29869893549267,0,1,0,0,0,0,0,0,0,0,0,0,0,0,0,0,0,0,0,0,1,0,0,0
65,Japan,2015,Developed,35,29.0,83.7,55.0,2,4.602165755919854,0.0,75.81639226914818,3,99.0,5.922511917858452,96.0,0.1,13235.977570000001,127141.0,2.1,1.8,0.902,15.3,46,5.987,0.03581,1.27074,1.25712,0.99111,0.49615,0.1806,0.10705,1.68435,377930.0,38.1,2.0,99.0,0.2,4.1,87.4081961345741,0.3364141507686609,0,0,0,0,0,1,0,0,0,0,0,0,0,0,0,0,0,0,0,0,0,1,0,0
66,Jordan,2015,Developing,0,65.6,74.1,112.0,4,4.602165755919854,0.0,99.0,4,99.0,5.922511917858452,99.0,0.1,496.99275,915932.0,4.0,4.0,0.741,13.1,82,5.192,0.045239999999999995,0.9019799999999999,1.05392,0.69639,0.40660999999999997,0.14293,0.11052999999999999,1.8799599999999999,89342.0,35.4,2.5,92.6,6.4,12.3,99.0,10.251975554610373,0,0,0,0,0,0,0,0,0,0,0,0,0,0,0,0,0,1,0,0,0,1,0,0
67,Kazakhstan,2015,Developing,526,53.1,72.0,198.0,4,4.602165755919854,0.0,98.0,5,98.0,5.922511917858452,98.0,0.1,159.9817,17544126.0,2.4,2.5,0.7929999999999999,15.0,54,5.855,0.041139999999999996,1.1225399999999999,1.1224100000000001,0.64368,0.51649,0.08454,0.11827,2.24729,1240192.0,30.9,5.0,99.7,5.8,5.3,98.0,14.146298315099598,0,0,0,1,0,0,0,0,0,0,0,0,0,0,0,0,0,0,0,0,0,1,0,0
68,Kenya,2015,Developing,95,22.0,63.4,249.0,54,4.602165755919854,0.0,89.0,70,83.0,5.922511917858452,89.0,1.7,1349.97144,18294611.0,7.8,7.6,0.55,11.1,125,4.419,0.04734,0.36471,0.99876,0.41435,0.42215,0.05839,0.37542,1.78555,580367.0,45.7,5.1,87.4,5.8,23.0,86.0,31.522486633457795,0,0,0,0,1,0,0,0,0,0,0,0,0,0,0,0,0,0,0,1,0,0,0,0
69,Kuwait,2015,Developing,18,71.4,74.7,81.0,0,4.602165755919854,0.0,99.0,1,99.0,5.922511917858452,99.0,0.1,13235.977570000001,12753375.120052494,3.5,3.4,0.799,13.3,39,6.295,0.04456,1.5542200000000002,1.16594,0.72492,0.55499,0.25609,0.16228,1.8763400000000001,17818.0,40.17712418300654,6.0,93.3,5.6,2.2,99.0,715.7579481452741,0,0,0,0,0,0,0,0,0,0,0,0,0,0,0,0,0,1,0,0,0,1,0,0
70,Kyrgyzstan,2015,Developing,17779,44.9,71.1,166.0,3,4.602165755919854,0.0,97.0,3,97.0,5.922511917858452,97.0,0.1,7413.64500365024,12753375.120052494,3.3,3.4,0.662,13.0,77,5.2860000000000005,0.03823,0.47428000000000003,1.15115,0.65088,0.43477,0.042319999999999997,0.3003,2.2327,199951.0,36.2,6.0,99.2,6.8,8.6,97.0,63.78250231332924,0,0,0,1,0,0,0,0,0,0,0,0,0,0,0,0,0,0,0,0,0,1,0,0
71,Lao People's Democratic Republic,2015,Developing,56,21.7,65.7,194.0,8,4.602165755919854,0.0,89.0,11,89.0,5.922511917858452,89.0,0.2,7413.64500365024,12753375.120052494,8.8,8.9,0.5820000000000001,10.8,99,4.876,0.06698,0.5906600000000001,0.73803,0.54909,0.59591,0.24249,0.42191999999999996,1.7379900000000001,236800.0,36.7,3.60969696969697,84.40831395348837,4.383435582822086,14.770671140939596,89.0,53.857158446167624,0,0,0,0,0,0,0,0,0,0,0,0,1,0,0,0,0,0,0,0,0,1,0,0
72,Latvia,2015,Developed,0,61.2,74.6,153.0,0,4.602165755919854,0.0,94.0,0,95.0,5.922511917858452,95.0,0.1,13235.977570000001,1977527.0,2.2,2.1,0.828,16.0,89,5.098,0.0464,1.11312,1.09562,0.72437,0.29671,0.06332,0.18225999999999998,1.62215,64559.0,36.6,4.0,84.40831395348837,0.2,9.8,94.5,30.631313991852416,0,0,0,0,0,0,0,0,0,0,1,0,0,0,0,0,0,0,0,0,0,0,1,0
73,Lebanon,2015,Developing,39,66.1,74.9,98.0,1,4.602165755919854,0.0,81.0,1,75.0,5.922511917858452,81.0,0.1,846.632851,5851479.0,4.9,4.9,0.763,13.3,103,4.8389999999999995,0.04337,1.0256399999999999,0.80001,0.83947,0.33916,0.04582,0.21854,1.57059,10452.0,40.17712418300654,1.5,89.6,5.0,9.2,78.0,559.8429965556832,0,0,0,0,0,0,0,0,0,0,0,0,0,0,0,0,0,1,0,0,0,1,0,0
74,Lesotho,2015,Developing,0,32.6,54.8,336.0,4,4.602165755919854,0.0,93.0,6,52.0,5.922511917858452,93.0,1.7,173.82893,2174645.0,5.5,5.3,0.495,10.7,97,4.898,0.09437999999999999,0.37545,1.04103,0.07612000000000001,0.31767,0.12504,0.16388,2.79832,30355.0,45.7,4.1,89.6,5.0,23.0,72.5,71.64042167682425,0,0,0,0,0,0,0,0,0,0,0,0,0,1,0,0,0,0,0,1,0,0,0,0
75,Liberia,2015,Developing,1060,27.3,61.4,259.0,8,4.602165755919854,0.0,52.0,11,52.0,5.922511917858452,52.0,0.9,452.38717,4499621.0,6.5,6.4,0.42700000000000005,9.9,116,4.571000000000001,0.11068,0.0712,0.78968,0.34201,0.28531,0.06232000000000001,0.24361999999999998,2.7772900000000003,111369.0,38.2,6.0,66.8,5.2,23.0,52.0,40.4028140685469,0,0,0,0,0,0,0,0,0,0,0,0,0,0,0,0,1,0,0,1,0,0,0,0
76,Libya,2015,Developing,82,64.8,72.7,138.0,1,4.602165755919854,0.0,97.0,2,97.0,5.922511917858452,97.0,0.1,7413.64500365024,12753375.120052494,5.8,5.5,0.7190000000000001,13.4,63,5.754,0.07832,1.13145,1.1186200000000002,0.7038,0.41668,0.11023,0.18295,2.0906599999999997,1240192.0,40.17712418300654,0.6,89.5,3.2,23.0,97.0,10.283387669048416,0,0,0,0,0,0,0,0,1,0,0,0,0,0,0,0,0,0,0,1,0,0,0,0
77,Lithuania,2015,Developed,50,62.4,73.6,165.0,0,4.602165755919854,0.0,94.0,0,93.0,5.922511917858452,93.0,0.1,13235.977570000001,29491.0,2.6,2.6,0.846,16.5,56,5.832999999999999,0.03843,1.14723,1.25745,0.73128,0.21341999999999997,0.01031,0.026410000000000003,2.4464900000000003,65300.0,37.6,3.4,84.40831395348837,1.2,12.4,93.5,0.4516232771822358,0,0,0,0,0,0,0,0,0,0,1,0,0,0,0,0,0,0,0,0,0,0,1,0
78,Luxembourg,2015,Developed,0,61.3,82.0,63.0,0,4.602165755919854,0.0,94.0,0,99.0,5.922511917858452,99.0,0.1,1199.8223,56964.0,1.0,0.9,0.8959999999999999,13.9,17,6.946000000000001,0.03499,1.5639100000000001,1.21963,0.91894,0.61583,0.32957,0.28034000000000003,1.9696099999999999,2586.0,30.9,0.6,100.0,4.383435582822086,14.770671140939596,96.5,22.02784222737819,0,0,0,0,0,0,0,0,0,0,0,0,0,0,0,0,0,0,1,0,0,0,1,0
79,Madagascar,2015,Developing,3,2.5,65.5,22.0,28,4.602165755919854,0.0,69.0,38,71.0,5.922511917858452,69.0,0.3,41.8575951,2423488.0,7.1,7.1,0.511,10.3,147,3.681,0.03633,0.20824,0.66801,0.46721,0.19184,0.08123999999999999,0.21333000000000002,1.851,587041.0,44.1,2.6,66.8,7.1,14.770671140939596,70.0,4.128311310453614,0,0,0,0,1,0,0,0,0,0,0,0,0,0,0,0,0,0,0,1,0,0,0,0
80,Malawi,2015,Developing,0,19.6,58.3,336.0,26,4.602165755919854,0.0,88.0,38,88.0,5.922511917858452,88.0,1.7,362.65754439999995,1757367.0,6.4,6.2,0.473,10.8,131,4.292,0.0613,0.016040000000000002,0.41411000000000003,0.22562,0.43054,0.06977,0.33128,2.8079099999999997,118484.0,39.0,4.3,74.8,7.1,14.770671140939596,88.0,14.832103912764593,0,0,0,0,1,0,0,0,0,0,0,0,0,0,0,0,0,0,0,1,0,0,0,0
81,Malaysia,2015,Developing,1318,4.6,75.0,123.0,4,4.602165755919854,0.0,99.0,4,99.0,5.922511917858452,99.0,0.1,9643.644683,3723155.0,7.5,7.3,0.787,13.1,61,5.77,0.0433,1.12486,1.07023,0.7239399999999999,0.5302399999999999,0.10500999999999999,0.33075,1.8854099999999998,330803.0,45.7,4.7,93.1,2.2,3.1,99.0,11.25490095313525,0,0,0,0,0,0,0,0,0,0,0,0,1,0,0,0,0,0,0,0,0,1,0,0
82,Mali,2015,Developing,215,23.8,58.2,266.0,52,4.602165755919854,0.0,64.0,70,66.0,5.922511917858452,64.0,1.5,729.725338,1746795.0,7.7,7.5,0.43799999999999994,8.4,138,3.995,0.05602000000000001,0.26074,1.03526,0.20583,0.38856999999999997,0.12352,0.18798,1.79293,1240192.0,33.0,4.8,66.8,0.1,23.0,65.0,1.408487556765404,0,0,0,0,0,0,0,0,0,0,0,0,0,0,0,0,1,0,0,1,0,0,0,0
83,Malta,2015,Developed,2,69.6,81.7,54.0,0,4.602165755919854,0.0,95.0,0,97.0,5.922511917858452,97.0,0.1,13235.977570000001,431874.0,0.8,0.8,0.853,14.6,37,6.3020000000000005,0.04206,1.2074,1.30203,0.88721,0.60365,0.13585999999999998,0.42191999999999996,1.6488,316.0,40.17712418300654,2.4,92.4,1.0,6.4,96.0,1366.6898734177216,0,0,0,0,0,0,0,0,0,0,0,0,0,0,0,1,0,0,0,0,0,0,1,0
84,Mauritania,2015,Developing,1,3.8,63.1,25.0,8,4.602165755919854,0.0,73.0,12,67.0,5.922511917858452,73.0,0.9,1158.256469,4182341.0,7.8,7.5,0.513,8.5,124,4.436,0.03947,0.45407,0.86908,0.35874,0.24231999999999998,0.17461,0.21899999999999997,2.11773,1030700.0,40.5,6.0,66.8,4.6,23.0,70.0,4.057767536625594,0,0,0,0,0,0,0,0,0,0,0,0,0,0,0,0,1,0,0,1,0,0,0,0
85,Mauritius,2015,Developing,0,33.3,74.6,146.0,0,4.602165755919854,0.0,97.0,0,98.0,5.922511917858452,97.0,0.1,9252.117240000001,126265.0,6.9,6.8,0.779,15.2,71,5.477,0.07197,1.0076100000000001,0.98521,0.7095,0.56066,0.07521,0.37744,1.76145,2040.0,40.17712418300654,3.5,88.8,3.5,8.3,97.5,61.89460784313726,0,0,0,0,1,0,0,0,0,0,0,0,0,0,0,0,0,0,0,1,0,0,0,0
86,Mexico,2015,Developing,0,63.5,76.7,122.0,30,4.602165755919854,0.0,82.0,35,87.0,5.922511917858452,87.0,0.1,9143.128494,12589949.0,1.5,1.5,0.758,13.3,14,7.187,0.041760000000000005,1.02054,0.91451,0.8144399999999999,0.48181,0.21311999999999998,0.14074,3.05137,1240192.0,45.7,1.25,93.5,4.0,4.9,84.5,10.151612814789967,0,0,1,0,0,0,0,0,0,0,0,0,0,0,0,0,0,0,0,0,1,0,0,0
87,Mongolia,2015,Developing,20359,52.7,68.8,222.0,1,4.602165755919854,0.0,99.0,1,99.0,5.922511917858452,99.0,0.1,3944.1839,2976877.0,2.2,2.3,0.733,14.8,100,4.874,0.03313,0.82819,1.3006,0.60268,0.43626000000000004,0.026660000000000003,0.3323,1.34759,1240192.0,36.5,6.0,97.4,7.1,9.0,99.0,2.4003355931984727,0,0,0,0,0,1,0,0,0,0,0,0,0,0,0,0,0,0,0,0,0,1,0,0
88,Montenegro,2015,Developing,0,61.8,76.1,16.0,0,4.602165755919854,0.0,82.0,0,89.0,5.922511917858452,89.0,0.1,6461.192554,622159.0,1.8,1.8,0.804,15.1,82,5.192,0.05235,0.9743799999999999,0.9055700000000001,0.72521,0.1826,0.14296,0.1614,2.10017,13812.0,30.9,1.5,98.5,4.0,19.1,85.5,45.04481610194034,0,0,0,0,0,0,0,0,0,0,0,0,0,0,0,1,0,0,0,0,0,0,1,0
89,Morocco,2015,Developing,17,58.5,74.3,95.0,17,4.602165755919854,0.0,99.0,20,99.0,5.922511917858452,99.0,0.1,2847.285569,3483322.0,6.4,6.2,0.645,12.1,92,5.013,0.0342,0.7347899999999999,0.64095,0.60954,0.41691000000000006,0.08546000000000001,0.07172,2.4537299999999997,446550.0,40.9,5.1,68.5,2.0,9.9,99.0,7.800519538685478,0,0,0,0,0,0,0,0,1,0,0,0,0,0,0,0,0,0,0,1,0,0,0,0
90,Mozambique,2015,Developing,79,22.6,57.6,336.0,55,4.602165755919854,0.0,28.0,70,52.0,5.922511917858452,51.0,1.7,528.3125597,281691.0,3.6,3.5,0.414,9.1,94,4.971,0.07896,0.08308,1.02626,0.09131,0.34037,0.15603,0.22269,3.05137,801590.0,45.7,6.0,66.8,4.4,17.0,40.0,0.3514153120672663,0,0,0,0,1,0,0,0,0,0,0,0,0,0,0,0,0,0,0,1,0,0,0,0
91,Myanmar,2015,Developing,6,23.8,66.6,199.0,39,4.602165755919854,0.0,89.0,50,89.0,5.922511917858452,89.0,0.3,1194.5913699999999,5243669.0,9.7,9.7,0.552,9.1,129,4.3069999999999995,0.04351,0.27108000000000004,0.70905,0.48246000000000006,0.44017,0.19034,0.42191999999999996,1.41805,676578.0,40.17712418300654,6.0,92.7,5.7,5.2,89.0,7.750280085962003,0,0,0,0,0,0,0,0,0,0,0,0,1,0,0,0,0,0,0,0,0,1,0,0
92,Nepal,2015,Developing,1599,19.1,69.2,165.0,17,4.602165755919854,0.0,91.0,21,52.0,5.922511917858452,91.0,0.1,743.7653489,18294611.0,9.7,9.7,0.555,12.2,121,4.513999999999999,0.03607,0.35996999999999996,0.86449,0.5687399999999999,0.38282,0.059070000000000004,0.32295999999999997,1.9563700000000002,147181.0,32.8,3.6,66.8,7.1,23.0,71.5,124.30008628831168,0,0,0,0,0,0,0,0,0,0,0,0,0,0,1,0,0,0,0,0,0,1,0,0
93,Netherlands,2015,Developed,7,62.1,81.9,57.0,1,4.602165755919854,0.0,94.0,1,95.0,5.922511917858452,95.0,0.1,13235.977570000001,16939923.0,1.0,0.9,0.9229999999999999,18.1,7,7.377999999999999,0.027989999999999998,1.32944,1.28017,0.89284,0.6157600000000001,0.31814000000000003,0.42191999999999996,2.4657,41850.0,30.9,0.6,99.0,2.5,8.3,94.5,404.77713261648745,0,0,0,0,0,0,0,0,0,0,0,0,0,0,0,0,0,0,1,0,0,0,1,0
94,New Zealand,2015,Developed,10,67.5,81.6,66.0,0,8.7,0.0,92.0,0,92.0,5.922511917858452,92.0,0.1,3821.8937,12753375.120052494,0.4,0.3,0.9129999999999999,19.0,9,7.2860000000000005,0.033710000000000004,1.2501799999999998,1.3196700000000001,0.9083700000000001,0.6393800000000001,0.32957,0.42191999999999996,2.26425,270467.0,36.2,2.5,99.0,1.3,6.43,92.0,47.153165155277705,1,0,0,0,0,0,0,0,0,0,0,0,0,0,0,0,0,0,0,0,0,0,0,1
95,Nicaragua,2015,Developing,0,54.0,74.8,145.0,2,4.602165755919854,0.0,98.0,2,99.0,5.922511917858452,98.0,0.1,295.96648799999997,68235.0,1.8,1.7,0.642,11.7,57,5.827999999999999,0.05371,0.59325,1.14184,0.7431399999999999,0.55475,0.19317,0.27815,2.32407,130373.0,40.5,4.6,78.0,5.7,7.2,98.5,0.5233829090379143,0,0,1,0,0,0,0,0,0,0,0,0,0,0,0,0,0,0,0,0,1,0,0,0
96,Niger,2015,Developing,7693,19.3,61.8,22.0,49,4.602165755919854,0.0,65.0,70,65.0,5.922511917858452,65.0,0.4,358.99731,18294611.0,9.6,9.4,0.35100000000000003,5.4,144,3.845,0.036019999999999996,0.0694,0.77265,0.29707,0.47691999999999996,0.15639,0.19387000000000001,1.87877,1240192.0,34.6,3.60969696969697,66.8,4.383435582822086,14.770671140939596,65.0,14.751434455310145,0,0,0,0,0,0,0,0,0,0,0,0,0,0,0,0,1,0,0,1,0,0,0,0
97,Nigeria,2015,Developing,12423,25.4,54.8,336.0,55,4.602165755919854,0.0,49.0,70,52.0,5.922511917858452,51.0,1.7,2655.157977,18294611.0,9.7,9.7,0.525,10.0,78,5.268,0.04192,0.65435,0.9043200000000001,0.16007000000000002,0.34334000000000003,0.0403,0.27233,2.89319,923768.0,45.7,6.0,66.8,7.1,23.0,50.5,19.804335071143402,0,0,0,0,0,0,0,0,0,0,0,0,0,0,0,0,1,0,0,1,0,0,0,0
98,Norway,2015,Developed,14,61.2,81.8,59.0,0,5.97,0.0,75.81639226914818,0,95.0,5.922511917858452,95.0,0.1,7455.246540000001,518867.0,0.8,0.7,0.948,17.7,4,7.522,0.0388,1.459,1.33095,0.88521,0.66973,0.32957,0.34699,2.4653099999999997,323802.0,30.9,1.6,100.0,1.9,3.6,85.4081961345741,1.6024206150672324,0,0,0,0,0,0,0,0,0,0,1,0,0,0,0,0,0,0,0,0,0,0,1,0
99,Oman,2015,Developing,0,54.6,76.6,99.0,1,4.602165755919854,0.0,99.0,1,99.0,5.922511917858452,99.0,0.1,13235.977570000001,12753375.120052494,7.1,6.9,0.795,13.7,22,6.853,0.05335,1.36011,1.08182,0.76276,0.63274,0.32524000000000003,0.21541999999999997,2.4748900000000003,309500.0,40.17712418300654,5.1,86.9,1.6,15.0,99.0,41.20638164798867,0,0,0,0,0,0,0,0,0,0,0,0,0,0,0,0,0,1,0,0,0,1,0,0
100,Pakistan,2015,Developing,386,25.4,66.4,161.0,55,4.602165755919854,0.0,72.0,70,72.0,5.922511917858452,72.0,0.1,1431.2448650000001,18294611.0,9.7,9.7,0.5479999999999999,8.1,81,5.194,0.03726,0.59543,0.41411000000000003,0.51466,0.12102,0.10464000000000001,0.33671,3.05137,881912.0,30.9,3.6,66.8,7.1,6.6,72.0,20.74425906439645,0,0,0,0,0,0,0,0,0,0,0,0,0,0,1,0,0,0,0,0,0,1,0,0
101,Panama,2015,Developing,0,57.8,77.8,118.0,1,4.602165755919854,0.0,73.0,1,72.0,5.922511917858452,73.0,0.1,13134.4367,3969249.0,1.9,1.8,0.785,13.0,25,6.7860000000000005,0.0491,1.0635299999999999,1.1985,0.79661,0.5421,0.0927,0.24434,2.84848,75417.0,45.7,6.0,94.1,4.1,4.5,72.5,52.63069334500179,0,0,1,0,0,0,0,0,0,0,0,0,0,0,0,0,0,0,0,0,1,0,0,0
102,Paraguay,2015,Developing,0,5.2,74.0,146.0,2,4.602165755919854,0.0,93.0,3,89.0,5.922511917858452,93.0,0.2,419.367724,6639119.0,2.0,1.9,0.6920000000000001,12.3,53,5.877999999999999,0.045630000000000004,0.75985,1.30477,0.66098,0.53899,0.08242000000000001,0.3424,2.18896,406752.0,45.7,6.0,93.9,2.3,6.6,91.0,16.322277456533712,0,0,0,0,0,0,0,0,0,0,0,1,0,0,0,0,0,0,0,0,1,0,0,0
103,Peru,2015,Developing,4,55.6,75.5,123.0,8,4.602165755919854,0.0,28.0,10,88.0,5.922511917858452,51.0,0.1,63.343258999999996,18294611.0,1.1,1.1,0.737,13.4,58,5.824,0.04615,0.9001899999999999,0.97459,0.73017,0.41496000000000005,0.05989,0.14982,2.5945,1240192.0,45.7,3.60969696969697,94.2,4.383435582822086,14.770671140939596,58.0,14.751434455310145,0,0,0,0,0,0,0,0,0,0,0,1,0,0,0,0,0,0,0,0,1,0,0,0
104,Philippines,2015,Developing,619,25.4,68.5,211.0,52,4.602165755919854,0.0,28.0,66,79.0,5.922511917858452,51.0,0.1,2878.33837,11716359.0,1.0,9.7,0.679,11.7,90,5.073,0.049339999999999995,0.70532,1.03516,0.58114,0.62545,0.12279000000000001,0.24991,1.7536,342353.0,43.0,6.0,95.4,2.8,7.4,53.5,34.223035872330605,0,0,0,0,0,0,0,0,0,0,0,0,1,0,0,0,0,0,0,0,0,1,0,0
105,Poland,2015,Developed,0,61.7,77.5,117.0,2,4.602165755919854,0.0,96.0,2,92.0,5.922511917858452,98.0,0.1,12565.9876,18294611.0,1.9,2.0,0.852,16.4,60,5.791,0.04263,1.12555,1.27948,0.77903,0.53122,0.04212,0.16759000000000002,1.86565,312679.0,34.1,1.3,99.7,1.0,10.3,94.0,58.509241106694084,0,0,0,0,0,0,1,0,0,0,0,0,0,0,0,0,0,0,0,0,0,0,1,0
106,Portugal,2015,Developed,8,61.6,81.1,76.0,0,4.602165755919854,0.0,98.0,0,98.0,5.922511917858452,98.0,0.1,1922.681,135876.0,0.7,0.5,0.841,16.6,88,5.102,0.04802,1.15991,1.13935,0.8751899999999999,0.51469,0.01078,0.13719,1.26462,92090.0,38.5,3.60969696969697,95.4,4.383435582822086,14.770671140939596,98.0,1.4754696492561625,0,0,0,0,0,0,0,0,0,0,0,0,0,0,0,1,0,0,0,0,0,0,1,0
107,Qatar,2015,Developing,18,69.3,78.2,68.0,0,4.602165755919854,0.0,99.0,0,99.0,5.922511917858452,99.0,0.1,13235.977570000001,12753375.120052494,5.2,4.9,0.855,13.4,28,6.611000000000001,0.06257,1.69042,1.0786,0.79733,0.6404,0.32957,0.32573,1.55674,11586.0,41.1,5.5,96.3,3.1,0.3,99.0,1100.757389957923,0,0,0,0,0,0,0,0,0,0,0,0,0,0,0,0,0,1,0,0,0,1,0,0
108,Romania,2015,Developed,4,6.7,75.0,133.0,2,4.602165755919854,0.0,28.0,2,89.0,5.922511917858452,89.0,0.1,8958.788593000001,18294611.0,2.5,2.7,0.7979999999999999,14.7,86,5.124,0.06607,1.04345,0.8858799999999999,0.7689,0.35068,0.006490000000000001,0.13748,1.9312900000000002,238391.0,30.9,3.60969696969697,84.40831395348837,4.383435582822086,14.770671140939596,58.5,76.7420372413388,0,0,0,0,0,0,1,0,0,0,0,0,0,0,0,0,0,0,0,0,0,0,1,0
109,Russian Federation,2015,Developing,843,6.5,75.0,222.0,13,4.602165755919854,0.0,97.0,15,97.0,5.922511917858452,97.0,0.1,9329.298351000001,1449687.0,2.3,2.3,0.805,15.0,64,5.716,0.03135,1.13764,1.23617,0.6692600000000001,0.36679,0.03005,0.00199,2.27394,1240192.0,40.1,3.60969696969697,84.40831395348837,4.383435582822086,14.770671140939596,97.0,1.1689214250696667,0,0,0,0,0,0,1,0,0,0,0,0,0,0,0,0,0,0,0,0,0,0,1,0
110,Rwanda,2015,Developing,1,21.4,66.1,227.0,11,4.602165755919854,0.0,98.0,15,99.0,5.922511917858452,98.0,0.4,71.34839699999999,11629553.0,5.7,5.7,0.493,10.8,154,3.465,0.03464,0.22208000000000003,0.7737,0.42863999999999997,0.59201,0.32957,0.22628,1.21305,26338.0,45.7,6.0,71.1,5.9,14.770671140939596,98.5,441.55034550839093,0,0,0,0,1,0,0,0,0,0,0,0,0,0,0,0,0,0,0,1,0,0,0,0
111,Saudi Arabia,2015,Developing,219,68.2,74.5,88.0,7,4.602165755919854,0.0,98.0,8,97.0,5.922511917858452,98.0,0.1,2732.86172,12753375.120052494,7.8,7.6,0.845,16.1,35,6.4110000000000005,0.04633,1.39541,1.0839299999999998,0.72025,0.31048000000000003,0.32524000000000003,0.13706,2.43872,1240192.0,40.17712418300654,3.6,87.2,3.7,10.5,97.5,10.283387669048416,0,0,0,0,0,0,0,0,0,0,0,0,0,0,0,0,0,1,0,0,0,1,0,0
112,Senegal,2015,Developing,58,24.3,66.7,188.0,19,4.602165755919854,0.0,89.0,26,85.0,5.922511917858452,89.0,0.3,98.7256145,14976994.0,9.5,9.3,0.491,9.5,142,3.904,0.03608,0.36498,0.97619,0.4354,0.36772,0.10712999999999999,0.20843000000000003,1.44395,196722.0,39.2,4.0,66.8,0.8,23.0,87.0,76.13278636858104,0,0,0,0,0,0,0,0,0,0,0,0,0,0,0,0,1,0,0,1,0,0,0,0
113,Serbia,2015,Developing,383,6.0,75.6,121.0,1,4.602165755919854,0.0,94.0,1,95.0,5.922511917858452,95.0,0.1,5237.255334,795383.0,2.0,2.0,0.775,14.4,87,5.122999999999999,0.048639999999999996,0.92053,1.0096399999999999,0.74836,0.20107,0.02617,0.19230999999999998,2.025,88361.0,30.9,2.0,98.0,2.2,20.1,94.5,9.001516506150903,0,0,0,0,0,0,0,0,0,0,0,0,0,0,0,1,0,0,0,0,0,0,1,0
114,Sierra Leone,2015,Developing,607,24.4,54.8,336.0,22,4.602165755919854,0.0,86.0,30,86.0,5.922511917858452,86.0,0.5,587.538233,723725.0,7.4,7.3,0.431,9.5,123,4.507,0.07067999999999999,0.33024000000000003,0.9557100000000001,0.0,0.4084,0.08786000000000001,0.21488000000000002,2.51009,71740.0,42.5,6.0,66.8,7.1,14.770671140939596,86.0,10.088165597992752,0,0,0,0,0,0,0,0,0,0,0,0,0,0,0,0,1,0,0,1,0,0,0,0
115,Singapore,2015,Developed,0,33.2,83.1,55.0,0,1.79,0.0,96.0,0,96.0,5.922511917858452,96.0,0.1,13235.977570000001,12753375.120052494,2.2,2.2,0.924,15.4,24,6.797999999999999,0.0378,1.52186,1.02,1.02525,0.54252,0.32957,0.31105,1.8850099999999999,710.0,45.7,4.1,95.9,5.2,1.9,96.0,17962.50016908802,0,0,0,0,0,0,0,0,0,0,0,0,1,0,0,0,0,0,0,0,0,1,0,0
116,Slovakia,2015,Developed,1,59.1,76.7,19.0,0,4.602165755919854,0.0,96.0,0,96.0,5.922511917858452,96.0,0.1,7413.64500365024,12753375.120052494,1.2,1.2,0.8420000000000001,15.0,45,5.995,0.04267,1.1689100000000001,1.26999,0.7890199999999999,0.31751,0.03431,0.16893,2.2463900000000003,49037.0,30.9,0.8,99.6,1.7,14.4,96.0,260.0765772794521,0,0,0,0,0,0,1,0,0,0,0,0,0,0,0,0,0,0,0,0,0,0,1,0
117,Slovenia,2015,Developed,18,6.1,88.0,74.0,0,4.602165755919854,0.0,75.81639226914818,0,95.0,5.922511917858452,95.0,0.1,2729.8638300000002,263531.0,1.4,1.3,0.888,17.3,55,5.848,0.04251,1.18498,1.27385,0.8733700000000001,0.60855,0.03787,0.25328,1.6158299999999999,20273.0,31.2,0.6,99.7,1.8,13.1,85.4081961345741,12.999112119567899,0,0,0,0,0,0,0,0,0,0,0,0,0,0,0,1,0,0,0,0,0,0,1,0
118,Somalia,2015,Developing,7497,24.3,55.0,312.0,50,4.602165755919854,0.0,42.0,70,52.0,5.922511917858452,51.0,0.7,426.98537000000005,12753375.120052494,6.6,6.4,0.6275510645976182,11.992792792792793,91,5.0569999999999995,0.061610000000000005,0.18847,0.95152,0.43873,0.46581999999999996,0.32957,0.42191999999999996,2.11032,637657.0,40.17712418300654,2.6,66.8,4.383435582822086,14.770671140939596,47.0,20.00036872496106,0,0,0,0,1,0,0,0,0,0,0,0,0,0,0,0,0,0,0,1,0,0,0,0
119,South Africa,2015,Developing,17,51.1,62.9,328.0,42,4.602165755919854,0.0,75.0,52,75.0,5.922511917858452,75.0,1.7,5769.77258,5511976.68,4.4,5.3,0.665,13.0,113,4.6419999999999995,0.04585,0.9204899999999999,1.18468,0.27688,0.33207,0.08884,0.11972999999999999,1.7195599999999998,1221037.0,45.7,3.60969696969697,93.0,4.383435582822086,14.770671140939596,75.0,4.514176622002445,0,0,0,0,0,0,0,0,0,0,0,0,0,1,0,0,0,0,0,1,0,0,0,0
120,Spain,2015,Developed,115,66.6,82.8,56.0,1,4.602165755919854,0.0,97.0,1,97.0,5.922511917858452,97.0,0.1,13235.977570000001,18294611.0,0.6,0.5,0.882,17.7,36,6.329,0.03468,1.23011,1.31379,0.95562,0.45951000000000003,0.06398,0.18227000000000002,2.12367,505992.0,34.7,0.6,97.7,1.8,23.0,97.0,36.15592934275641,0,0,0,0,0,0,0,0,0,0,0,0,0,0,0,1,0,0,0,0,0,0,1,0
121,Sri Lanka,2015,Developing,1568,23.4,74.9,138.0,3,4.602165755919854,0.0,99.0,3,99.0,5.922511917858452,99.0,0.1,3844.8912299999997,2966.0,9.7,9.7,0.764,14.0,132,4.271,0.03751,0.83524,1.01905,0.70806,0.5372600000000001,0.09179,0.40828000000000003,1.21305,65610.0,40.3,6.0,91.2,4.7,5.1,99.0,0.04520652339582381,0,0,0,0,0,0,0,0,0,0,0,0,0,0,1,0,0,0,0,0,0,1,0,0
122,Sudan,2015,Developing,3585,38.321246556473824,64.1,225.0,55,4.602165755919854,0.0,93.0,70,93.0,5.922511917858452,93.0,0.3,2513.884661,3864783.0,4.839703856749312,4.870316804407714,0.488,7.2,118,4.55,0.0674,0.52107,1.01404,0.36878,0.10081,0.1466,0.19062,2.20857,1240192.0,35.3,3.9,71.9,7.1,20.0,93.0,3.116277963412117,0,0,0,0,0,0,0,0,1,0,0,0,0,0,0,0,0,0,0,1,0,0,0,0
123,Suriname,2015,Developing,0,58.3,71.6,176.0,0,4.602165755919854,0.0,89.0,0,89.0,5.922511917858452,89.0,0.4,8818.982565999999,55328.0,3.5,3.5,0.723,12.7,40,6.269,0.09811,0.99534,0.972,0.6082,0.5965699999999999,0.13633,0.16990999999999998,2.79094,163820.0,45.7,4.7,94.7,4.2,9.0,89.0,0.33773654010499327,0,0,0,0,0,0,0,0,0,0,0,1,0,0,0,0,0,0,0,0,1,0,0,0
124,Swaziland,2015,Developing,0,32.3,58.9,336.0,2,4.602165755919854,0.0,28.0,3,84.0,5.922511917858452,51.0,1.7,3136.92511,131911.0,4.0,4.1,0.541,11.4,101,4.867,0.08742,0.71206,1.07284,0.07566,0.30658,0.0306,0.18259,2.48676,17364.0,45.7,3.60969696969697,84.40831395348837,4.383435582822086,14.770671140939596,56.0,7.596809490900714,0,0,0,0,0,0,0,0,0,0,0,0,0,1,0,0,0,0,0,1,0,0,0,0
125,Sweden,2015,Developed,22,59.5,82.4,53.0,0,4.602165755919854,0.0,67.0,0,98.0,5.922511917858452,98.0,0.1,5585.258470000001,9799186.0,1.5,1.4,0.909,15.9,8,7.364,0.03157,1.33171,1.2890700000000002,0.9108700000000001,0.6598,0.32957,0.36262,2.3711900000000004,450295.0,30.9,0.9,99.0,0.0,8.1,82.5,21.76170288366515,0,0,0,0,0,0,0,0,0,0,1,0,0,0,0,0,0,0,0,0,0,0,1,0
126,Switzerland,2015,Developed,35,57.4,83.4,49.0,0,4.602165755919854,0.0,75.81639226914818,0,97.0,5.922511917858452,97.0,0.1,8989.8424,8282396.0,0.4,0.3,0.938,16.0,1,7.587000000000001,0.03411,1.3965100000000001,1.34951,0.9414299999999999,0.66557,0.32957,0.29678000000000004,2.5173799999999997,41284.0,33.7,2.0,99.0,0.0,3.2,86.4081961345741,200.61999806220328,0,0,0,0,0,0,0,0,0,0,0,0,0,0,0,0,0,0,1,0,0,0,1,0
127,Syrian Arab Republic,2015,Developing,45,57.1,64.5,293.0,6,4.602165755919854,0.0,41.0,8,52.0,5.922511917858452,51.0,0.1,7413.64500365024,18294611.0,6.3,6.1,0.5529999999999999,9.0,156,3.0060000000000002,0.05015,0.6632,0.47489,0.7219300000000001,0.15684,0.18905999999999998,0.42191999999999996,1.21305,185180.0,35.8,3.60969696969697,84.40831395348837,4.383435582822086,14.770671140939596,46.5,98.79366562263743,0,0,0,0,0,0,0,0,0,0,0,0,0,0,0,0,0,1,0,0,0,1,0,0
128,Tajikistan,2015,Developing,3,4.7,69.7,161.0,10,4.602165755919854,0.0,96.0,11,96.0,5.922511917858452,96.0,0.2,918.6771543,8548651.0,3.6,3.7,0.625,11.3,106,4.7860000000000005,0.03198,0.39047,0.8556299999999999,0.5737899999999999,0.47216,0.15072,0.22974,2.1139900000000003,143100.0,30.9,6.0,99.7,3.7,2.5,96.0,59.73900069881202,0,0,0,1,0,0,0,0,0,0,0,0,0,0,0,0,0,0,0,0,0,1,0,0
129,Thailand,2015,Developing,154,33.6,74.9,148.0,8,4.602165755919854,0.0,99.0,9,99.0,5.922511917858452,99.0,0.1,5814.863134,686576.0,7.7,7.7,0.738,13.6,34,6.455,0.03557,0.9669,1.26504,0.7385,0.5566399999999999,0.031869999999999996,0.42191999999999996,2.31945,513120.0,40.0,2.9,93.5,2.2,0.7,99.0,1.3380417835983784,0,0,0,0,0,0,0,0,0,0,0,0,1,0,0,0,0,0,0,0,0,1,0,0
130,Togo,2015,Developing,20,24.3,59.9,287.0,13,4.602165755919854,0.0,88.0,20,88.0,5.922511917858452,88.0,1.0,551.138346,741682.0,6.5,6.2,0.484,12.0,158,2.839,0.06727000000000001,0.20868,0.41411000000000003,0.28443,0.36453,0.10730999999999999,0.16680999999999999,1.56726,56785.0,34.4,5.5,66.8,2.2,14.770671140939596,88.0,13.061230958879985,0,0,0,0,0,0,0,0,0,0,0,0,0,0,0,0,1,0,0,1,0,0,0,0
131,Trinidad and Tobago,2015,Developing,0,47.1,71.2,17.0,0,4.602165755919854,0.0,28.0,0,88.0,5.922511917858452,96.0,0.3,13235.977570000001,13692.0,5.7,5.9,0.779,12.7,41,6.167999999999999,0.10895,1.21183,1.18354,0.61483,0.55884,0.0114,0.31844,2.2688200000000003,5130.0,40.3,1.6,98.8,5.4,5.9,58.0,2.6690058479532164,0,1,0,0,0,0,0,0,0,0,0,0,0,0,0,0,0,0,0,0,1,0,0,0
132,Tunisia,2015,Developing,16,61.2,75.3,1.0,3,4.602165755919854,0.0,98.0,3,98.0,5.922511917858452,98.0,0.1,3828.9158899999998,11273661.0,6.5,6.4,0.723,14.6,107,4.739,0.03589,0.88113,0.60429,0.73793,0.26268,0.06358,0.06431,2.12466,163610.0,41.4,2.8,79.1,6.1,17.2,98.0,68.9056964733207,0,0,0,0,0,0,0,0,1,0,0,0,0,0,0,0,0,0,0,1,0,0,0,0
133,Turkey,2015,Developing,342,66.1,75.8,16.0,15,4.602165755919854,0.0,97.0,18,97.0,5.922511917858452,97.0,0.1,1979.52569,18294611.0,4.9,4.8,0.764,14.5,76,5.332000000000001,0.03864,1.06098,0.94632,0.73172,0.22815,0.15746,0.12253,2.08528,783562.0,39.0,3.8,94.1,7.1,9.3,97.0,23.348006922234617,0,0,0,0,0,0,0,0,0,0,0,0,0,0,0,0,0,1,0,0,0,1,0,0
134,Turkmenistan,2015,Developing,0,48.6,66.3,215.0,6,4.602165755919854,0.0,99.0,7,99.0,5.922511917858452,99.0,0.1,6432.668768,5565284.0,3.3,3.3,0.688,10.8,70,5.547999999999999,0.04175,0.95847,1.22668,0.53886,0.4761,0.30844,0.16979,1.8698400000000002,488100.0,40.8,6.0,99.6,7.1,23.0,99.0,11.401934029911903,0,0,0,1,0,0,0,0,0,0,0,0,0,0,0,0,0,0,0,0,0,1,0,0
135,Uganda,2015,Developing,478,18.5,62.3,291.0,55,4.602165755919854,0.0,78.0,70,82.0,5.922511917858452,78.0,1.7,693.8963828999999,414487.0,5.6,5.6,0.488,10.0,141,3.931,0.04317,0.21101999999999999,1.13299,0.33860999999999997,0.45726999999999995,0.07267,0.29066,1.42766,241550.0,44.3,5.6,73.2,6.2,14.770671140939596,80.0,1.7159470089008486,0,0,0,0,1,0,0,0,0,0,0,0,0,0,0,0,0,0,0,1,0,0,0,0
136,Ukraine,2015,Developing,105,61.3,71.3,195.0,4,4.602165755919854,0.0,28.0,5,52.0,5.922511917858452,51.0,0.2,2124.662666,4515429.0,2.3,2.4,0.748,15.3,111,4.681,0.04412,0.79907,1.20278,0.6739,0.25123,0.02961,0.15275,1.5714,603700.0,30.9,0.6,99.7,0.7,8.0,40.0,7.479590856385622,0,0,0,0,0,0,1,0,0,0,0,0,0,0,0,0,0,0,0,0,0,0,1,0
137,United Arab Emirates,2015,Developing,347,64.2,77.1,75.0,1,4.602165755919854,0.0,99.0,1,99.0,5.922511917858452,99.0,0.1,3911.74689,12753375.120052494,5.3,5.1,0.836,13.3,20,6.901,0.03729,1.42727,1.12575,0.80925,0.64157,0.32957,0.26428,2.24743,83600.0,40.17712418300654,4.0,90.0,1.3,2.4,99.0,152.55233397191978,0,0,0,0,0,0,0,0,0,0,0,0,0,0,0,0,0,1,0,0,0,1,0,0
138,United Kingdom,2015,Developed,91,66.6,81.2,69.0,3,10.62,0.0,75.81639226914818,4,96.0,5.922511917858452,96.0,0.1,7413.64500365024,12753375.120052494,0.8,0.6,0.6275510645976182,11.992792792792793,21,6.867000000000001,0.01866,1.26637,1.28548,0.90943,0.59625,0.32066999999999996,0.42191999999999996,1.9699400000000002,242900.0,34.0,3.60969696969697,84.40831395348837,4.383435582822086,14.770671140939596,85.9081961345741,52.504632029857945,0,0,0,0,0,0,0,0,0,0,1,0,0,0,0,0,0,0,0,0,0,0,1,0
139,United States of America,2015,Developed,188,69.6,79.3,13.0,23,4.602165755919854,0.0,92.0,26,93.0,5.922511917858452,95.0,0.1,7413.64500365024,12753375.120052494,0.8,0.6,0.6275510645976182,11.992792792792793,15,7.119,0.03839,1.3945100000000001,1.24711,0.86179,0.54604,0.1589,0.40105,2.51011,1240192.0,45.7,3.60969696969697,84.40831395348837,4.383435582822086,14.770671140939596,92.5,10.283387669048416,0,0,0,0,0,0,0,0,0,1,0,0,0,0,0,0,0,0,0,0,1,0,0,0
140,Uruguay,2015,Developing,0,64.0,77.0,116.0,0,4.602165755919854,0.0,95.0,0,95.0,5.922511917858452,95.0,0.1,13235.977570000001,3431552.0,1.5,1.4,0.794,15.5,32,6.485,0.04539,1.06166,1.2089,0.8116,0.6036199999999999,0.24558000000000002,0.2324,2.3214200000000003,181034.0,39.7,3.5,98.1,7.1,6.5,95.0,18.955290166488062,0,0,0,0,0,0,0,0,0,0,0,1,0,0,0,0,0,0,0,0,1,0,0,0
141,Uzbekistan,2015,Developing,22,44.7,69.4,184.0,15,4.602165755919854,0.0,99.0,17,99.0,5.922511917858452,99.0,0.1,2137.576852,312989.0,3.0,3.1,0.6970000000000001,12.1,44,6.002999999999999,0.04361,0.63244,1.34043,0.59772,0.6582100000000001,0.30826,0.22837,2.2374099999999997,447400.0,36.7,6.0,99.4,7.1,4.9,99.0,0.6995730889584265,0,0,0,1,0,0,0,0,0,0,0,0,0,0,0,0,0,0,0,0,0,1,0,0
142,Venezuela (Bolivarian Republic of),2015,Developing,0,62.1,74.1,157.0,9,4.602165755919854,0.0,87.0,10,87.0,5.922511917858452,87.0,0.1,7413.64500365024,12753375.120052494,1.6,1.5,0.769,14.3,23,6.81,0.06476,1.04424,1.25596,0.7205199999999999,0.42908,0.11069000000000001,0.058410000000000004,3.05137,916445.0,44.8,3.60969696969697,84.40831395348837,4.383435582822086,14.770671140939596,87.0,13.91613803343626,0,0,0,0,0,0,0,0,0,0,0,1,0,0,0,0,0,0,0,0,1,0,0,0
143,Viet Nam,2015,Developing,256,17.5,76.0,127.0,28,4.602165755919854,0.0,97.0,35,97.0,5.922511917858452,97.0,0.1,7413.64500365024,12753375.120052494,9.7,9.7,0.6779999999999999,12.6,75,5.36,0.03107,0.63216,0.9122600000000001,0.7467600000000001,0.59444,0.10440999999999999,0.1686,2.20173,331212.0,35.6,3.60969696969697,84.40831395348837,4.383435582822086,14.770671140939596,97.0,38.505172276525286,0,0,0,0,0,0,0,0,0,0,0,0,1,0,0,0,0,0,0,0,0,1,0,0
144,Yemen,2015,Developing,468,41.3,65.7,224.0,37,4.602165755919854,0.0,69.0,47,63.0,5.922511917858452,69.0,0.1,7413.64500365024,12753375.120052494,9.7,9.7,0.499,9.0,136,4.077,0.04367,0.5464899999999999,0.68093,0.40064,0.35570999999999997,0.07854,0.09131,1.92313,527968.0,37.7,3.8,66.8,7.1,23.0,66.0,24.155583520312774,0,0,0,0,0,0,0,0,0,0,0,0,0,0,0,0,0,1,0,0,0,1,0,0
145,Zambia,2015,Developing,9,23.4,61.8,33.0,27,4.602165755919854,0.0,28.0,40,52.0,5.922511917858452,51.0,1.7,1313.889646,161587.0,6.3,6.1,0.5760000000000001,12.5,85,5.129,0.06988,0.47038,0.91612,0.29924,0.48827,0.12468,0.19591,2.6343,752612.0,45.7,6.0,66.8,7.1,15.0,40.0,0.21470159923041354,0,0,0,0,1,0,0,0,0,0,0,0,0,0,0,0,0,0,0,1,0,0,0,0
146,Zimbabwe,2015,Developing,0,31.8,67.0,336.0,22,4.602165755919854,0.0,87.0,32,88.0,5.922511917858452,87.0,1.7,118.69383,15777451.0,5.6,5.5,0.507,10.3,115,4.61,0.0429,0.271,1.0327600000000001,0.33475,0.25861,0.08079,0.18987,2.44191,390757.0,40.17712418300654,3.60969696969697,84.40831395348837,4.383435582822086,14.770671140939596,87.5,40.376630489025146,0,0,0,0,1,0,0,0,0,0,0,0,0,0,0,0,0,0,0,1,0,0,0,0
